DESCRIBE formadepagamento;

INSERT INTO formadepagamento (id_formadepagamento, descricao) VALUES
(1, 'Dinheiro'),
(2, 'Cartão de Crédito'),
(3, 'Cartão de Débito'),
(4, 'Pix'),
(5, 'Vale Alimentação'),
(6, 'Misto'),
(7, 'Parcelado');

DESCRIBE usuario;
ALTER TABLE usuario
ADD COLUMN email varchar(50) AFTER login;

INSERT INTO `usuario` (`id_usuario`, `login`, `email`, `senha`) VALUES
(1, 'Ana Silva', 'ana.silva@gmail.com', 'r7yP1xZ9'),
(2, 'Bruno Costa', 'bruno.costa@gmail.com', 'C3vM5aN2'),
(3, 'Carlos Lima', 'carlos.lima@gmail.com', 'Qp9tL4bW'),
(4, 'Daniela Rocha', 'daniela.rocha@gmail.com', 'Xf6D3pE7'),
(5, 'Eduardo Alves', 'eduardo.alves@gmail.com', 'N8sK2oV1'),
(6, 'Fernanda Souza', 'fernanda.souza@gmail.com', 'Z1xL7tM9'),
(7, 'Gabriel Martins', 'gabriel.martins@gmail.com', 'V2aT8dR5'),
(8, 'Helena Dias', 'helena.dias@gmail.com', 'T3sW4kP6'),
(9, 'Igor Mendes', 'igor.mendes@gmail.com', 'M6cE9aY3'),
(10, 'Joana Pires', 'joana.pires@gmail.com', 'A5pN7zV4'),
(11, 'Kleber Ramos', 'kleber.ramos@gmail.com', 'B3tQ6dE8'),
(12, 'Larissa Cunha', 'larissa.cunha@gmail.com', 'J2vL5yX9'),
(13, 'Marcelo Torres', 'marcelo.torres@gmail.com', 'F8wD2rN6'),
(14, 'Natália Braga', 'natalia.braga@gmail.com', 'Y7sP3kM2'),
(15, 'Otávio Duarte', 'otavio.duarte@gmail.com', 'L1zT6bC5'),
(16, 'Paula Fernandes', 'paula.fernandes@gmail.com', 'H4aN9xW3'),
(17, 'Quésia Lopes', 'quesia.lopes@gmail.com', 'P9vK7cD1'),
(18, 'Rafael Vieira', 'rafael.vieira@gmail.com', 'E6mT2pA8'),
(19, 'Simone Teixeira', 'simone.teixeira@gmail.com', 'K2zW5yQ9'),
(20, 'Tiago Freitas', 'tiago.freitas@gmail.com', 'U3cP8dL7'),
(21, 'Ursula Matos', 'ursula.matos@gmail.com', 'D9aN6tV4'),
(22, 'Vinícius Andrade', 'vinicius.andrade@gmail.com', 'W4pX2yM5'),
(23, 'Wesley Rocha', 'wesley.rocha@gmail.com', 'N5vT1cZ8'),
(24, 'Xuxa de Souza', 'xuxa.souza@gmail.com', 'G7mP3dK2'),
(25, 'Yasmin Prado', 'yasmin.prado@gmail.com', 'S8bL6wQ1'),
(26, 'Zeca Amaral', 'zeca.amaral@gmail.com', 'C3xD9aN7'),
(27, 'Alice Ribeiro', 'alice.ribeiro@gmail.com', 'R4vP1tM6'),
(28, 'Bernardo Gomes', 'bernardo.gomes@gmail.com', 'L9sW8zY3'),
(29, 'Caio Monteiro', 'caio.monteiro@gmail.com', 'M2pN4dE5'),
(30, 'Débora Rezende', 'debora.rezende@gmail.com', 'Z7cT5xW1'),
(31, 'Eduarda Melo', 'eduarda.melo@gmail.com', 'T8vL2xP4'),
(32, 'Felipe Nogueira', 'felipe.nogueira@gmail.com', 'X9sA6rW2'),
(33, 'Giovanna Cardoso', 'giovanna.cardoso@gmail.com', 'L3zK5nT7'),
(34, 'Henrique Barros', 'henrique.barros@gmail.com', 'N1mP7vY8'),
(35, 'Isabela Neves', 'isabela.neves@gmail.com', 'C5xD3wA9'),
(36, 'Jonas Batista', 'jonas.batista@gmail.com', 'Q7rT1mX4'),
(37, 'Karen Lopes', 'karen.lopes@gmail.com', 'F9aW8pN2'),
(38, 'Lucas Moraes', 'lucas.moraes@gmail.com', 'D6zK4vT5'),
(39, 'Mariana Castro', 'mariana.castro@gmail.com', 'B8yN3cW6'),
(40, 'Nicolas Ferreira', 'nicolas.ferreira@gmail.com', 'V2pX5rM7'),
(41, 'Olívia Rocha', 'olivia.rocha@gmail.com', 'E4wL9aT3'),
(42, 'Pedro Albuquerque', 'pedro.albuquerque@gmail.com', 'Y6nM2zP9'),
(43, 'Quintino da Silva', 'quintino.silva@gmail.com', 'J5rT8cL2'),
(44, 'Renata Lima', 'renata.lima@gmail.com', 'G1pW3xV6'),
(45, 'Samuel Martins', 'samuel.martins@gmail.com', 'U9aK7nP1'),
(46, 'Talita Fernandes', 'talita.fernandes@gmail.com', 'K3mT6yX5'),
(47, 'Ubirajara Nunes', 'ubirajara.nunes@gmail.com', 'M8zP1rL4'),
(48, 'Vitória Meireles', 'vitoria.meireles@gmail.com', 'W2dK9xC7'),
(49, 'Washington Faria', 'washington.faria@gmail.com', 'A4tN5mV3'),
(50, 'Ximena Oliveira', 'ximena.oliveira@gmail.com', 'H6vP8zW2'),
(51, 'Yuri Guimarães', 'yuri.guimaraes@gmail.com', 'P7lT3cX9'),
(52, 'Zuleica Borges', 'zuleica.borges@gmail.com', 'S3wN2pK8'),
(53, 'Adriano Paiva', 'adriano.paiva@gmail.com', 'N9xV4rL1'),
(54, 'Bianca Assunção', 'bianca.assuncao@gmail.com', 'C2zM6pT4'),
(55, 'Cícero Ramos', 'cicero.ramos@gmail.com', 'F8tL7xY3'),
(56, 'Daniel Mota', 'daniel.mota@gmail.com', 'Q1pK3rW5'),
(57, 'Eliane Queiroz', 'eliane.queiroz@gmail.com', 'Z6nW2xC8'),
(58, 'Fabrício Peixoto', 'fabricio.peixoto@gmail.com', 'M3rL9pT2'),
(59, 'Gustavo Tavares', 'gustavo.tavares@gmail.com', 'E5xP7nV6'),
(60, 'Heloísa Duarte', 'heloisa.duarte@gmail.com', 'T9mK1yW4');

DESCRIBE fornecedor;
INSERT INTO fornecedor (id_fornecedor, nome, cnpj, email, telefone) VALUES
(1, 'Forno Pão & Cia', '12.345.678/0001-90', 'fornopao@cia.com.br', '(11) 99999-0001'),
(2, 'Pão da Vovó', '23.456.789/0001-01', 'paodavovo@padaria.com', '(11) 99999-0002'),
(3, 'Padaria Dona Maria', '34.567.890/0001-12', 'donamaria@padaria.com.br', '(11) 99999-0003'),
(4, 'Pão Quentinho', '45.678.901/0001-23', 'paoquentinho@padaria.com', '(11) 99999-0004'),
(5, 'Sabor do Trigo', '56.789.012/0001-34', 'sabordotrigo@padaria.com', '(11) 99999-0005'),
(6, 'Delícias do Forno', '67.890.123/0001-45', 'deliciasforno@padaria.com.br', '(11) 99999-0006'),
(7, 'Padaria São José', '78.901.234/0001-56', 'saonjose@padaria.com.br', '(11) 99999-0007'),
(8, 'Pão & Cia', '89.012.345/0001-67', 'paoecia@padaria.com', '(11) 99999-0008'),
(9, 'Tradição Padeiro', '90.123.456/0001-78', 'tradicaopadeiro@padaria.com', '(11) 99999-0009'),
(10, 'Doce Pão', '12.234.567/0001-89', 'docepao@padaria.com', '(11) 99999-0010'),
(11, 'Pão da Vida', '23.345.678/0001-90', 'paodavida@padaria.com', '(11) 99999-0011'),
(12, 'Padeiro Mestre', '34.456.789/0001-01', 'padeiromestre@padaria.com.br', '(11) 99999-0012'),
(13, 'Forno de Ouro', '45.567.890/0001-12', 'fornodeouro@padaria.com', '(11) 99999-0013'),
(14, 'Padaria Pão de Mel', '56.678.901/0001-23', 'paodemel@padaria.com.br', '(11) 99999-0014'),
(15, 'Pão & Tradição', '67.789.012/0001-34', 'paotradição@padaria.com', '(11) 99999-0015'),
(16, 'Delícias do Pão', '78.890.123/0001-45', 'deliciasdopao@padaria.com', '(11) 99999-0016'),
(17, 'Pão Quente', '89.901.234/0001-56', 'paoquente@padaria.com.br', '(11) 99999-0017'),
(18, 'Pão com Sabor', '90.012.345/0001-67', 'paosabor@padaria.com', '(11) 99999-0018'),
(19, 'Forno Vivo', '12.123.456/0001-78', 'fornovivo@padaria.com', '(11) 99999-0019'),
(20, 'Pão Perfeito', '23.234.567/0001-89', 'paoperfeito@padaria.com.br', '(11) 99999-0020'),
(21, 'Padaria Ouro Branco', '34.345.678/0001-90', 'oubranco@padaria.com.br', '(11) 99999-0021'),
(22, 'Forno da Mãe', '45.456.789/0001-01', 'fornodamae@padaria.com', '(11) 99999-0022'),
(23, 'Delícias da Vovó', '56.567.890/0001-12', 'deliciasvovo@padaria.com', '(11) 99999-0023'),
(24, 'Pão de Cada Dia', '67.678.901/0001-23', 'paodecadadia@padaria.com', '(11) 99999-0024'),
(25, 'Sabor de Pão', '78.789.012/0001-34', 'sabordepao@padaria.com', '(11) 99999-0025'),
(26, 'Padaria da Esquina', '89.890.123/0001-45', 'padariaesquina@padaria.com', '(11) 99999-0026'),
(27, 'Pão Divino', '90.012.234/0001-56', 'paodivino@padaria.com.br', '(11) 99999-0027'),
(28, 'Padaria Pão de Luz', '12.123.345/0001-67', 'paodeluz@padaria.com', '(11) 99999-0028'),
(29, 'Tradição Pão', '23.234.456/0001-78', 'tradicaopao@padaria.com.br', '(11) 99999-0029'),
(30, 'Doce Pão de Mel', '34.345.567/0001-89', 'docepao@padaria.com', '(11) 99999-0030'),
(31, 'Sabor de Trigo', '45.456.678/0001-90', 'sabordetrigo@padaria.com.br', '(11) 99999-0031'),
(32, 'Padeiro da Vovó', '56.567.789/0001-01', 'padeirovovo@padaria.com', '(11) 99999-0032'),
(33, 'Pão e Companhia', '67.678.890/0001-12', 'paocompanhiapao@padaria.com.br', '(11) 99999-0033'),
(34, 'Forno e Pão', '78.789.901/0001-23', 'fornoepao@padaria.com', '(11) 99999-0034'),
(35, 'Pão do Mercado', '89.890.012/0001-34', 'paodomercado@padaria.com', '(11) 99999-0035'),
(36, 'Padaria Sabor & Pão', '90.901.123/0001-45', 'saborepao@padaria.com.br', '(11) 99999-0036'),
(37, 'Pão Rei', '12.901.234/0001-56', 'paorei@padaria.com', '(11) 99999-0037'),
(38, 'Tradição do Trigo', '23.012.345/0001-67', 'tradicaotrigo@padaria.com', '(11) 99999-0038'),
(39, 'Pão do Forno', '34.123.456/0001-78', 'paodoforno@padaria.com.br', '(11) 99999-0039'),
(40, 'Padaria Vovó Pão', '45.234.567/0001-89', 'vovopao@padaria.com', '(11) 99999-0040'),
(41, 'Delícias de Trigo', '56.345.678/0001-90', 'deliciastrigo@padaria.com.br', '(11) 99999-0041'),
(42, 'Pão Fino', '67.456.789/0001-01', 'paofino@padaria.com', '(11) 99999-0042'),
(43, 'Padaria São João', '78.567.890/0001-12', 'saojoao@padaria.com.br', '(11) 99999-0043'),
(44, 'Forno Real', '89.678.901/0001-23', 'fornoreal@padaria.com', '(11) 99999-0044'),
(45, 'Pão do Bem', '90.789.012/0001-34', 'paodobem@padaria.com.br', '(11) 99999-0045'),
(46, 'Pão Nobre', '12.890.123/0001-45', 'paonobre@padaria.com', '(11) 99999-0046'),
(47, 'Tradição de Pão', '23.901.234/0001-56', 'tradicaodepao@padaria.com', '(11) 99999-0047'),
(48, 'Sabor do Forno', '34.012.345/0001-67', 'sabordoforno@padaria.com.br', '(11) 99999-0048'),
(49, 'Pão Maravilhoso', '45.123.456/0001-78', 'paomaravilhoso@padaria.com', '(11) 99999-0049'),
(50, 'Delícias de Padeiro', '56.234.567/0001-89', 'deliciaspadeiro@padaria.com', '(11) 99999-0050'),
(51, 'Padaria Pão & Sabor', '67.345.678/0001-90', 'paosabor@padaria.com', '(11) 99999-0051'),
(52, 'Pão de Leite', '78.456.789/0001-01', 'paodeleite@padaria.com', '(11) 99999-0052'),
(53, 'Sabor Pão do Forno', '89.567.890/0001-12', 'saborpao@padaria.com.br', '(11) 99999-0053'),
(54, 'Padeiro de Ouro', '90.678.901/0001-23', 'padeirodeouro@padaria.com', '(11) 99999-0054'),
(55, 'Pão da Praça', '12.789.012/0001-34', 'paodapracapadaria@padaria.com', '(11) 99999-0055'),
(56, 'Delícias do Trigo', '23.890.123/0001-45', 'deliciasdetrigo@padaria.com', '(11) 99999-0056'),
(57, 'Padaria Forno e Pão', '34.901.234/0001-56', 'fornoepao@padaria.com.br', '(11) 99999-0057'),
(58, 'Sabor do Pão Quente', '45.012.345/0001-67', 'sabordopaoquente@padaria.com', '(11) 99999-0058'),
(59, 'Pão de Ouro', '56.123.456/0001-78', 'paodeouro@padaria.com.br', '(11) 99999-0059'),
(60, 'Forno do Padeiro', '67.234.567/0001-89', 'fornodopadeiro@padaria.com', '(11) 99999-0060');


DESCRIBE produto;
INSERT INTO produto (id_produto, id_fornecedor, nome, descricao, preco_unit, uni_medida, validade) VALUES
(1, 1, 'Pão Francês', 'Pão francês fresquinho', 0.80, 'unidade', '2025-05-10'),
(2, 2, 'Bolo de Chocolate', 'Bolo de chocolate com recheio cremoso', 15.00, 'unidade', '2025-05-15'),
(3, 3, 'Torta de Maçã', 'Torta de maçã com massa folhada', 20.00, 'unidade', '2025-05-12'),
(4, 4, 'Pão de Queijo', 'Pão de queijo caseiro', 1.00, 'unidade', '2025-05-07'),
(5, 5, 'Coxinha', 'Coxinha de frango com massa crocante', 2.50, 'unidade', '2025-05-08'),
(6, 6, 'Brigadeiro', 'Docinho de brigadeiro de leite condensado', 1.00, 'unidade', '2025-05-09'),
(7, 7, 'Bolo de Cenoura', 'Bolo de cenoura com cobertura de chocolate', 12.00, 'unidade', '2025-05-14'),
(8, 8, 'Pão de Mel', 'Pão de mel coberto com chocolate', 3.00, 'unidade', '2025-05-11'),
(9, 9, 'Quiche de Frango', 'Quiche de frango com recheio cremoso', 18.00, 'unidade', '2025-05-13'),
(10, 10, 'Torta de Limão', 'Torta de limão com merengue', 22.00, 'unidade', '2025-05-16'),
(11, 1, 'Pão de Forma', 'Pão de forma macio e fofinho', 5.00, 'unidade', '2025-05-12'),
(12, 2, 'Bolo de Fubá', 'Bolo de fubá com pedaços de goiabada', 10.00, 'unidade', '2025-05-17'),
(13, 3, 'Pão Italiano', 'Pão italiano crocante por fora e macio por dentro', 7.00, 'unidade', '2025-05-10'),
(14, 4, 'Pizza', 'Pizza de calabresa', 30.00, 'unidade', '2025-05-18'),
(15, 5, 'Bolo de Banana', 'Bolo de banana com açúcar mascavo', 14.00, 'unidade', '2025-05-19'),
(16, 6, 'Alfajor', 'Docinho argentino com doce de leite', 2.50, 'unidade', '2025-05-14'),
(17, 7, 'Pão de Batata', 'Pão de batata leve e fofinho', 1.50, 'unidade', '2025-05-15'),
(18, 8, 'Churros', 'Churros recheados com doce de leite', 3.00, 'unidade', '2025-05-20'),
(19, 9, 'Torta de Frango', 'Torta de frango com recheio cremoso', 20.00, 'unidade', '2025-05-21'),
(20, 10, 'Bolo de Abacaxi', 'Bolo de abacaxi com creme', 16.00, 'unidade', '2025-05-22'),
(21, 1, 'Pão de Alho', 'Pão de alho delicioso e bem temperado', 4.00, 'unidade', '2025-05-23'),
(22, 2, 'Pão de Leite', 'Pão de leite fofinho e doce', 1.20, 'unidade', '2025-05-24'),
(23, 3, 'Bolo Prestígio', 'Bolo de chocolate e coco', 17.00, 'unidade', '2025-05-25'),
(24, 4, 'Empada de Frango', 'Empada de frango recheada', 3.50, 'unidade', '2025-05-26'),
(25, 5, 'Pão Doce', 'Pão doce com açúcar cristal', 2.00, 'unidade', '2025-05-27'),
(26, 6, 'Beijinho', 'Docinho de leite condensado e coco', 1.50, 'unidade', '2025-05-28'),
(27, 7, 'Biscoito de Polvilho', 'Biscoito de polvilho crocante', 2.00, 'unidade', '2025-05-29'),
(28, 8, 'Bolo de Morango', 'Bolo de morango com cobertura de chantilly', 18.00, 'unidade', '2025-05-30'),
(29, 9, 'Torta de Nozes', 'Torta de nozes com massa folhada', 25.00, 'unidade', '2025-06-01'),
(30, 10, 'Pastel de Carne', 'Pastel frito recheado com carne', 3.50, 'unidade', '2025-06-02'),
(31, 1, 'Pão Integral', 'Pão integral com grãos', 6.00, 'unidade', '2025-06-03'),
(32, 2, 'Bolo de Laranja', 'Bolo de laranja com cobertura de açúcar', 12.00, 'unidade', '2025-06-04'),
(33, 3, 'Torta de Chocolate', 'Torta de chocolate com creme', 22.00, 'unidade', '2025-06-05'),
(34, 4, 'Pão de Centeio', 'Pão de centeio com uma crosta crocante', 8.00, 'unidade', '2025-06-06'),
(35, 5, 'Coxinha de Frango', 'Coxinha de frango empanada', 2.00, 'unidade', '2025-06-07'),
(36, 6, 'Pudim', 'Pudim de leite condensado', 8.00, 'unidade', '2025-06-08'),
(37, 7, 'Torta de Morango', 'Torta de morango com creme de leite', 20.00, 'unidade', '2025-06-09'),
(38, 8, 'Pão de Batata Doce', 'Pão de batata doce integral', 1.80, 'unidade', '2025-06-10'),
(39, 9, 'Quiche de Legumes', 'Quiche de legumes e queijo', 18.00, 'unidade', '2025-06-11'),
(40, 10, 'Torta de Coco', 'Torta de coco com creme', 23.00, 'unidade', '2025-06-12'),
(41, 1, 'Bolo de Mandioca', 'Bolo de mandioca fofinho e delicioso', 14.00, 'unidade', '2025-06-13'),
(42, 2, 'Bolo de Maçã', 'Bolo de maçã com canela', 13.00, 'unidade', '2025-06-14'),
(43, 3, 'Pão de Mel Integral', 'Pão de mel integral com mel', 5.00, 'unidade', '2025-06-15'),
(44, 4, 'Pão de Milho', 'Pão de milho caseiro', 3.00, 'unidade', '2025-06-16'),
(45, 5, 'Empada de Palmito', 'Empada de palmito com massa crocante', 4.50, 'unidade', '2025-06-17'),
(46, 6, 'Mousse de Maracujá', 'Mousse de maracujá gelada', 7.00, 'unidade', '2025-06-18'),
(47, 7, 'Pão de Arroz', 'Pão de arroz sem glúten', 8.00, 'unidade', '2025-06-19'),
(48, 8, 'Torta de Pêssego', 'Torta de pêssego com creme', 21.00, 'unidade', '2025-06-20'),
(49, 9, 'Bolo de Batata Doce', 'Bolo de batata doce integral', 15.00, 'unidade', '2025-06-21'),
(50, 10, 'Churros de Chocolate', 'Churros recheados com chocolate', 3.50, 'unidade', '2025-06-22'),
(51, 1, 'Biscoito de Gergelim', 'Biscoito de gergelim crocante', 2.50, 'unidade', '2025-06-23'),
(52, 2, 'Bolo de Abóbora', 'Bolo de abóbora com nozes', 14.00, 'unidade', '2025-06-24'),
(53, 3, 'Pão de Amêndoas', 'Pão de amêndoas com sabor delicado', 7.50, 'unidade', '2025-06-25'),
(54, 4, 'Pão de Batata Doce', 'Pão de batata doce com massa leve', 4.50, 'unidade', '2025-06-26'),
(55, 5, 'Torta de Morango', 'Torta de morango com chantilly', 20.00, 'unidade', '2025-06-27'),
(56, 6, 'Coxinha de Catupiry', 'Coxinha de catupiry com recheio cremoso', 3.00, 'unidade', '2025-06-28'),
(57, 7, 'Torta de Ricota', 'Torta de ricota com massa folhada', 22.00, 'unidade', '2025-06-29'),
(58, 8, 'Bolo de Pão de Ló', 'Bolo de pão de ló com recheio leve', 18.00, 'unidade', '2025-06-30'),
(59, 9, 'Bolo de Cacau', 'Bolo de cacau com creme de chocolate', 19.00, 'unidade', '2025-07-01'),
(60, 10, 'Pastel de Queijo', 'Pastel frito recheado com queijo', 4.00, 'unidade', '2025-07-02');

INSERT INTO estoque (id_estoque, id_produto, quant_atual, quant_max, quant_min) VALUES
(1, 1, 200, 500, 50),
(2, 2, 150, 400, 30),
(3, 3, 180, 600, 80),
(4, 4, 250, 700, 100),
(5, 5, 220, 550, 70),
(6, 6, 200, 450, 40),
(7, 7, 180, 520, 60),
(8, 8, 230, 650, 90),
(9, 9, 210, 580, 75),
(10, 10, 170, 420, 35),
(11, 11, 190, 510, 55),
(12, 12, 200, 620, 85),
(13, 13, 240, 750, 110),
(14, 14, 260, 800, 120),
(15, 15, 210, 560, 65),
(16, 16, 180, 480, 45),
(17, 17, 220, 680, 95),
(18, 18, 250, 720, 105),
(19, 19, 200, 530, 58),
(20, 20, 180, 490, 52),
(21, 21, 230, 670, 92),
(22, 22, 300, 900, 150),
(23, 23, 230, 690, 98),
(24, 24, 270, 820, 130),
(25, 25, 320, 950, 160),
(26, 26, 200, 540, 62),
(27, 27, 230, 710, 102),
(28, 28, 180, 500, 56),
(29, 29, 260, 850, 140),
(30, 30, 250, 780, 125),
(31, 31, 230, 700, 108),
(32, 32, 220, 660, 100),
(33, 33, 200, 590, 90),
(34, 34, 240, 730, 115),
(35, 35, 200, 550, 80),
(36, 36, 210, 610, 95),
(37, 37, 240, 740, 120),
(38, 38, 180, 520, 70),
(39, 39, 250, 790, 130),
(40, 40, 270, 830, 145),
(41, 41, 200, 570, 85),
(42, 42, 230, 720, 110),
(43, 43, 220, 680, 105),
(44, 44, 260, 810, 135),
(45, 45, 240, 760, 125),
(46, 46, 210, 630, 98),
(47, 47, 210, 640, 100),
(48, 48, 260, 820, 140),
(49, 49, 250, 770, 130),
(50, 50, 220, 690, 110),
(51, 51, 260, 800, 135),
(52, 52, 240, 750, 120),
(53, 53, 210, 620, 95),
(54, 54, 300, 920, 155),
(55, 55, 280, 880, 150),
(56, 56, 250, 790, 140),
(57, 57, 230, 730, 120),
(58, 58, 200, 600, 100),
(59, 59, 270, 850, 145),
(60, 60, 220, 670, 115);

DESCRIBE comanda;
ALTER TABLE comanda
ADD COLUMN qtd int not null after status;
ALTER TABLE comanda
ADD COLUMN hora_abertura date after data_abertura;
ALTER TABLE comanda
MODIFY COLUMN hora_abertura TIME;
INSERT INTO comanda (id_comanda, data_abertura, hora_abertura, status, qtd) VALUES
(1, '2025-05-15', '08:10:30', 'aberta', 3),
(2, '2025-05-15', '08:15:30', 'aberta', 1),
(3, '2025-05-15', '08:30:45', 'fechada', 5),
(4, '2025-05-15', '08:45:10', 'aberta', 2),
(5, '2025-05-15', '09:00:00', 'fechada', 4),
(6, '2025-05-15', '09:12:20', 'aberta', 1),
(7, '2025-05-15', '09:25:55', 'fechada', 6),
(8, '2025-05-15', '09:40:30', 'aberta', 2),
(9, '2025-05-15', '09:55:05', 'fechada', 3),
(10, '2025-05-15', '10:10:40', 'aberta', 1),
(11, '2025-05-15', '10:22:15', 'fechada', 4),
(12, '2025-05-15', '10:35:50', 'aberta', 2),
(13, '2025-05-15', '10:50:25', 'fechada', 5),
(14, '2025-05-15', '11:05:00', 'aberta', 1),
(15, '2025-05-15', '11:18:35', 'fechada', 3),
(16, '2025-05-15', '11:32:10', 'aberta', 2),
(17, '2025-05-15', '11:45:45', 'fechada', 4),
(18, '2025-05-15', '12:00:20', 'aberta', 1),
(19, '2025-05-15', '12:14:55', 'fechada', 6),
(20, '2025-05-15', '12:30:30', 'aberta', 2),
(21, '2025-05-15', '12:42:05', 'fechada', 3),
(22, '2025-05-15', '12:55:40', 'aberta', 1),
(23, '2025-05-15', '13:10:15', 'fechada', 5),
(24, '2025-05-15', '13:25:50', 'aberta', 2),
(25, '2025-05-15', '13:38:25', 'fechada', 4),
(26, '2025-05-15', '13:52:00', 'aberta', 1),
(27, '2025-05-15', '14:05:35', 'fechada', 3),
(28, '2025-05-15', '14:20:10', 'aberta', 2),
(29, '2025-05-15', '14:34:45', 'fechada', 6),
(30, '2025-05-15', '14:50:20', 'aberta', 1),
(31, '2025-05-15', '15:02:55', 'fechada', 4),
(32, '2025-05-15', '15:16:30', 'aberta', 2),
(33, '2025-05-15', '15:30:05', 'fechada', 5),
(34, '2025-05-15', '15:45:40', 'aberta', 1),
(35, '2025-05-15', '15:58:15', 'fechada', 3),
(36, '2025-05-15', '16:12:50', 'aberta', 2),
(37, '2025-05-15', '16:26:25', 'fechada', 4),
(38, '2025-05-15', '16:40:00', 'aberta', 1),
(39, '2025-05-15', '16:53:35', 'fechada', 6),
(40, '2025-05-15', '17:08:10', 'aberta', 2),
(41, '2025-05-15', '17:20:45', 'fechada', 3),
(42, '2025-05-15', '17:34:20', 'aberta', 1),
(43, '2025-05-15', '17:48:55', 'fechada', 5),
(44, '2025-05-15', '18:05:30', 'aberta', 2),
(45, '2025-05-15', '18:17:05', 'fechada', 4),
(46, '2025-05-15', '18:30:40', 'aberta', 1),
(47, '2025-05-15', '18:44:15', 'fechada', 3),
(48, '2025-05-15', '19:00:50', 'aberta', 2),
(49, '2025-05-15', '19:13:25', 'fechada', 6),
(50, '2025-05-15', '19:27:00', 'aberta', 1),
(51, '2025-05-15', '19:40:35', 'fechada', 4),
(52, '2025-05-15', '19:55:10', 'aberta', 2),
(53, '2025-05-15', '20:08:45', 'fechada', 5),
(54, '2025-05-15', '20:22:20', 'aberta', 1),
(55, '2025-05-15', '20:35:55', 'fechada', 3),
(56, '2025-05-15', '20:50:30', 'aberta', 2),
(57, '2025-05-15', '21:04:05', 'fechada', 4),
(58, '2025-05-15', '21:17:40', 'aberta', 1),
(59, '2025-05-15', '21:31:15', 'fechada', 6),
(60, '2025-05-15', '21:45:50', 'aberta', 2);


UPDATE comanda SET hora_abertura = '08:00:00' WHERE id_comanda = 42;
UPDATE comanda SET hora_abertura = '08:10:00' WHERE id_comanda = 17;
UPDATE comanda SET hora_abertura = '08:20:00' WHERE id_comanda = 34;
UPDATE comanda SET hora_abertura = '08:30:00' WHERE id_comanda = 50;
UPDATE comanda SET hora_abertura = '08:40:00' WHERE id_comanda = 13;
UPDATE comanda SET hora_abertura = '08:50:00' WHERE id_comanda = 29;
UPDATE comanda SET hora_abertura = '09:00:00' WHERE id_comanda = 25;
UPDATE comanda SET hora_abertura = '09:10:00' WHERE id_comanda = 39;
UPDATE comanda SET hora_abertura = '09:20:00' WHERE id_comanda = 12;
UPDATE comanda SET hora_abertura = '09:30:00' WHERE id_comanda = 41;
UPDATE comanda SET hora_abertura = '09:40:00' WHERE id_comanda = 37;
UPDATE comanda SET hora_abertura = '09:50:00' WHERE id_comanda = 26;
UPDATE comanda SET hora_abertura = '10:00:00' WHERE id_comanda = 5;
UPDATE comanda SET hora_abertura = '10:10:00' WHERE id_comanda = 8;
UPDATE comanda SET hora_abertura = '10:20:00' WHERE id_comanda = 14;
UPDATE comanda SET hora_abertura = '10:30:00' WHERE id_comanda = 35;
UPDATE comanda SET hora_abertura = '10:40:00' WHERE id_comanda = 9;
UPDATE comanda SET hora_abertura = '10:50:00' WHERE id_comanda = 44;
UPDATE comanda SET hora_abertura = '11:00:00' WHERE id_comanda = 49;
UPDATE comanda SET hora_abertura = '11:10:00' WHERE id_comanda = 6;
UPDATE comanda SET hora_abertura = '11:20:00' WHERE id_comanda = 33;
UPDATE comanda SET hora_abertura = '11:30:00' WHERE id_comanda = 28;
UPDATE comanda SET hora_abertura = '11:40:00' WHERE id_comanda = 19;
UPDATE comanda SET hora_abertura = '11:50:00' WHERE id_comanda = 23;
UPDATE comanda SET hora_abertura = '12:00:00' WHERE id_comanda = 16;
UPDATE comanda SET hora_abertura = '12:10:00' WHERE id_comanda = 45;
UPDATE comanda SET hora_abertura = '12:20:00' WHERE id_comanda = 7;
UPDATE comanda SET hora_abertura = '12:30:00' WHERE id_comanda = 24;
UPDATE comanda SET hora_abertura = '12:40:00' WHERE id_comanda = 40;
UPDATE comanda SET hora_abertura = '12:50:00' WHERE id_comanda = 30;
UPDATE comanda SET hora_abertura = '13:00:00' WHERE id_comanda = 46;
UPDATE comanda SET hora_abertura = '13:10:00' WHERE id_comanda = 51;
UPDATE comanda SET hora_abertura = '13:20:00' WHERE id_comanda = 2;
UPDATE comanda SET hora_abertura = '13:30:00' WHERE id_comanda = 18;
UPDATE comanda SET hora_abertura = '13:40:00' WHERE id_comanda = 36;
UPDATE comanda SET hora_abertura = '13:50:00' WHERE id_comanda = 47;
UPDATE comanda SET hora_abertura = '14:00:00' WHERE id_comanda = 11;
UPDATE comanda SET hora_abertura = '14:10:00' WHERE id_comanda = 22;
UPDATE comanda SET hora_abertura = '14:20:00' WHERE id_comanda = 10;
UPDATE comanda SET hora_abertura = '14:30:00' WHERE id_comanda = 3;
UPDATE comanda SET hora_abertura = '14:40:00' WHERE id_comanda = 38;
UPDATE comanda SET hora_abertura = '14:50:00' WHERE id_comanda = 4;
UPDATE comanda SET hora_abertura = '15:00:00' WHERE id_comanda = 15;
UPDATE comanda SET hora_abertura = '15:10:00' WHERE id_comanda = 32;
UPDATE comanda SET hora_abertura = '15:20:00' WHERE id_comanda = 48;
UPDATE comanda SET hora_abertura = '15:30:00' WHERE id_comanda = 21;
UPDATE comanda SET hora_abertura = '15:40:00' WHERE id_comanda = 52;
UPDATE comanda SET hora_abertura = '15:50:00' WHERE id_comanda = 20;
UPDATE comanda SET hora_abertura = '16:00:00' WHERE id_comanda = 1;
UPDATE comanda SET hora_abertura = '16:10:00' WHERE id_comanda = 53;
UPDATE comanda SET hora_abertura = '16:20:00' WHERE id_comanda = 54;
UPDATE comanda SET hora_abertura = '16:30:00' WHERE id_comanda = 43;
UPDATE comanda SET hora_abertura = '16:40:00' WHERE id_comanda = 55;
UPDATE comanda SET hora_abertura = '16:50:00' WHERE id_comanda = 56;
UPDATE comanda SET hora_abertura = '17:00:00' WHERE id_comanda = 57;
UPDATE comanda SET hora_abertura = '17:10:00' WHERE id_comanda = 58;
UPDATE comanda SET hora_abertura = '17:20:00' WHERE id_comanda = 59;
UPDATE comanda SET hora_abertura = '17:30:00' WHERE id_comanda = 60;
UPDATE comanda SET hora_abertura = '17:40:00' WHERE id_comanda = 61;
UPDATE comanda SET hora_abertura = '17:50:00' WHERE id_comanda = 62;


DESCRIBE funcao;
INSERT INTO funcao (id_funcao,nome )
VALUES ( '1', 'Administrador' ),
       ( '2', 'Gerente' ),
       ( '3', 'Gestor de Estoque' ),
       ( '4', 'Caixa' ), 
       ( '5', 'Balconista' );

DESCRIBE caixa;
INSERT INTO caixa (id_caixa, id_funcionario, data_abertura, hora_abertura, data_fechamento, hora_fechamento, valor_inicial, valor_final) VALUES
(57, 2, '2025-05-01', '06:00:00', '2025-05-01', '14:00:00', 100.00, 550.00),
(8, 5, '2025-05-01', '14:00:00', '2025-05-01', '22:00:00', 120.00, 600.00),
(26, 1, '2025-05-02', '06:00:00', '2025-05-02', '14:00:00', 150.00, 630.00),
(41, 4, '2025-05-02', '14:00:00', '2025-05-02', '22:00:00', 100.00, 510.00),
(18, 3, '2025-05-03', '06:00:00', '2025-05-03', '14:00:00', 130.00, 700.00),
(36, 2, '2025-05-03', '14:00:00', '2025-05-03', '22:00:00', 140.00, 720.00),
(49, 5, '2025-05-04', '06:00:00', '2025-05-04', '14:00:00', 110.00, 530.00),
(12, 4, '2025-05-04', '14:00:00', '2025-05-04', '22:00:00', 90.00, 500.00),
(19, 1, '2025-05-05', '06:00:00', '2025-05-05', '14:00:00', 160.00, 750.00),
(9, 3, '2025-05-05', '14:00:00', '2025-05-05', '22:00:00', 120.00, 670.00),
(52, 2, '2025-05-06', '06:00:00', '2025-05-06', '14:00:00', 100.00, 550.00),
(2, 4, '2025-05-06', '14:00:00', '2025-05-06', '22:00:00', 115.00, 600.00),
(33, 3, '2025-05-07', '06:00:00', '2025-05-07', '14:00:00', 140.00, 700.00),
(47, 1, '2025-05-07', '14:00:00', '2025-05-07', '22:00:00', 130.00, 650.00),
(28, 5, '2025-05-08', '06:00:00', '2025-05-08', '14:00:00', 110.00, 560.00),
(45, 2, '2025-05-08', '14:00:00', '2025-05-08', '22:00:00', 90.00, 500.00),
(51, 4, '2025-05-09', '06:00:00', '2025-05-09', '14:00:00', 150.00, 680.00),
(15, 3, '2025-05-09', '14:00:00', '2025-05-09', '22:00:00', 120.00, 620.00),
(40, 1, '2025-05-10', '06:00:00', '2025-05-10', '14:00:00', 140.00, 700.00),
(5, 2, '2025-05-10', '14:00:00', '2025-05-10', '22:00:00', 130.00, 640.00),
(44, 4, '2025-05-11', '06:00:00', '2025-05-11', '14:00:00', 120.00, 610.00),
(32, 3, '2025-05-11', '14:00:00', '2025-05-11', '22:00:00', 110.00, 590.00),
(37, 2, '2025-05-12', '06:00:00', '2025-05-12', '14:00:00', 130.00, 670.00),
(58, 1, '2025-05-12', '14:00:00', '2025-05-12', '22:00:00', 140.00, 710.00),
(25, 5, '2025-05-13', '06:00:00', '2025-05-13', '14:00:00', 100.00, 530.00),
(34, 4, '2025-05-13', '14:00:00', '2025-05-13', '22:00:00', 110.00, 560.00),
(24, 3, '2025-05-14', '06:00:00', '2025-05-14', '14:00:00', 120.00, 590.00),
(23, 2, '2025-05-14', '14:00:00', '2025-05-14', '22:00:00', 100.00, 520.00),
(10, 5, '2025-05-15', '06:00:00', '2025-05-15', '14:00:00', 140.00, 700.00),
(13, 4, '2025-05-15', '14:00:00', '2025-05-15', '22:00:00', 130.00, 650.00),
(29, 1, '2025-05-16', '06:00:00', '2025-05-16', '14:00:00', 110.00, 580.00),
(16, 2, '2025-05-16', '14:00:00', '2025-05-16', '22:00:00', 120.00, 610.00),
(3, 5, '2025-05-17', '06:00:00', '2025-05-17', '14:00:00', 150.00, 720.00),
(4, 1, '2025-05-17', '14:00:00', '2025-05-17', '22:00:00', 140.00, 680.00),
(30, 3, '2025-05-18', '06:00:00', '2025-05-18', '14:00:00', 100.00, 500.00),
(31, 2, '2025-05-18', '14:00:00', '2025-05-18', '22:00:00', 110.00, 540.00),
(11, 4, '2025-05-19', '06:00:00', '2025-05-19', '14:00:00', 120.00, 560.00),
(38, 5, '2025-05-19', '14:00:00', '2025-05-19', '22:00:00', 130.00, 590.00),
(46, 1, '2025-05-20', '06:00:00', '2025-05-20', '14:00:00', 110.00, 550.00),
(48, 2, '2025-05-20', '14:00:00', '2025-05-20', '22:00:00', 120.00, 580.00),
(1, 3, '2025-05-21', '06:00:00', '2025-05-21', '14:00:00', 130.00, 620.00),
(7, 4, '2025-05-21', '14:00:00', '2025-05-21', '22:00:00', 140.00, 650.00),
(14, 5, '2025-05-22', '06:00:00', '2025-05-22', '14:00:00', 100.00, 510.00),
(17, 1, '2025-05-22', '14:00:00', '2025-05-22', '22:00:00', 110.00, 540.00),
(35, 2, '2025-05-23', '06:00:00', '2025-05-23', '14:00:00', 120.00, 560.00),
(21, 3, '2025-05-23', '14:00:00', '2025-05-23', '22:00:00', 130.00, 590.00),
(6, 4, '2025-05-24', '06:00:00', '2025-05-24', '14:00:00', 110.00, 550.00),
(53, 5, '2025-05-24', '14:00:00', '2025-05-24', '22:00:00', 120.00, 590.00),
(22, 1, '2025-05-25', '06:00:00', '2025-05-25', '14:00:00', 130.00, 620.00),
(27, 2, '2025-05-25', '14:00:00', '2025-05-25', '22:00:00', 140.00, 650.00),
(20, 4, '2025-05-26', '06:00:00', '2025-05-26', '14:00:00', 110.00, 550.00),
(56, 5, '2025-05-26', '14:00:00', '2025-05-26', '22:00:00', 120.00, 580.00),
(55, 1, '2025-05-27', '06:00:00', '2025-05-27', '14:00:00', 130.00, 610.00),
(39, 2, '2025-05-27', '14:00:00', '2025-05-27', '22:00:00', 140.00, 630.00),
(50, 4, '2025-05-28', '06:00:00', '2025-05-28', '14:00:00', 120.00, 590.00),
(43, 3, '2025-05-28', '14:00:00', '2025-05-28', '22:00:00', 130.00, 620.00),
(54, 2, '2025-05-29', '06:00:00', '2025-05-29', '14:00:00', 110.00, 550.00),
(60, 5, '2025-05-29', '14:00:00', '2025-05-29', '22:00:00', 120.00, 580.00);


DESCRIBE venda;
INSERT INTO venda (id_venda, id_caixa, id_formadepagamento, data_dia, hora, total) VALUES
(1, 1, 1, '2025-05-08', '08:15:00', 45.50),
(2, 2, 2, '2025-05-08', '08:30:00', 30.75),
(3, 3, 3, '2025-05-08', '09:00:00', 60.00),
(4, 4, 4, '2025-05-08', '09:30:00', 50.40),
(5, 5, 1, '2025-05-08', '10:00:00', 72.20),
(6, 6, 2, '2025-05-08', '10:30:00', 28.50),
(7, 7, 3, '2025-05-08', '11:00:00', 55.00),
(8, 8, 4, '2025-05-08', '11:30:00', 33.00),
(9, 9, 1, '2025-05-08', '12:00:00', 40.60),
(10, 10, 2, '2025-05-08', '12:30:00', 45.20),
(11, 1, 3, '2025-05-08', '13:00:00', 67.80),
(12, 2, 4, '2025-05-08', '13:30:00', 52.10),
(13, 3, 1, '2025-05-08', '14:00:00', 30.90),
(14, 4, 2, '2025-05-08', '14:30:00', 40.00),
(15, 5, 3, '2025-05-08', '15:00:00', 78.30),
(16, 6, 4, '2025-05-08', '15:30:00', 50.50),
(17, 7, 1, '2025-05-08', '16:00:00', 55.80),
(18, 8, 2, '2025-05-08', '16:30:00', 38.40),
(19, 9, 3, '2025-05-08', '17:00:00', 62.60),
(20, 10, 4, '2025-05-08', '17:30:00', 35.00),
(21, 1, 1, '2025-05-09', '08:15:00', 48.30),
(22, 2, 2, '2025-05-09', '08:45:00', 33.90),
(23, 3, 3, '2025-05-09', '09:15:00', 57.00),
(24, 4, 4, '2025-05-09', '09:45:00', 43.20),
(25, 5, 1, '2025-05-09', '10:15:00', 69.50),
(26, 6, 2, '2025-05-09', '10:45:00', 41.10),
(27, 7, 3, '2025-05-09', '11:15:00', 61.90),
(28, 8, 4, '2025-05-09', '11:45:00', 37.50),
(29, 9, 1, '2025-05-09', '12:15:00', 47.80),
(30, 10, 2, '2025-05-09', '12:45:00', 54.40),
(31, 1, 3, '2025-05-09', '13:15:00', 80.00),
(32, 2, 4, '2025-05-09', '13:45:00', 51.70),
(33, 3, 1, '2025-05-09', '14:15:00', 32.90),
(34, 4, 2, '2025-05-09', '14:45:00', 46.10),
(35, 5, 3, '2025-05-09', '15:15:00', 75.20),
(36, 6, 4, '2025-05-09', '15:45:00', 58.60),
(37, 7, 1, '2025-05-09', '16:15:00', 56.30),
(38, 8, 2, '2025-05-09', '16:45:00', 39.40),
(39, 9, 3, '2025-05-09', '17:15:00', 65.50),
(40, 10, 4, '2025-05-09', '17:45:00', 34.20),
(41, 1, 1, '2025-05-10', '08:30:00', 50.00),
(42, 2, 2, '2025-05-10', '09:00:00', 35.80),
(43, 3, 3, '2025-05-10', '09:30:00', 60.90),
(44, 4, 4, '2025-05-10', '10:00:00', 42.50),
(45, 5, 1, '2025-05-10', '10:30:00', 68.10),
(46, 6, 2, '2025-05-10', '11:00:00', 44.90),
(47, 7, 3, '2025-05-10', '11:30:00', 63.20),
(48, 8, 4, '2025-05-10', '12:00:00', 36.40),
(49, 9, 1, '2025-05-10', '12:30:00', 48.50),
(50, 10, 2, '2025-05-10', '13:00:00', 52.00),
(51, 1, 3, '2025-05-10', '13:30:00', 72.00),
(52, 2, 4, '2025-05-10', '14:00:00', 50.30),
(53, 3, 1, '2025-05-10', '14:30:00', 33.40),
(54, 4, 2, '2025-05-10', '15:00:00', 45.10),
(55, 5, 3, '2025-05-10', '15:30:00', 79.60),
(56, 6, 4, '2025-05-10', '16:00:00', 54.80),
(57, 7, 1, '2025-05-10', '16:30:00', 60.20),
(58, 8, 2, '2025-05-10', '17:00:00', 38.80),
(59, 9, 3, '2025-05-10', '17:30:00', 66.40),
(60, 10, 4, '2025-05-10', '18:00:00', 32.10);


DESCRIBE movcaixa;
INSERT INTO movcaixa (id_movcaixa, id_caixa, valor, data_hora, observacao) VALUES
(1, 1, 50.00, '2025-05-01 06:30:00', 'Abertura de caixa'),
(2, 1, -20.00, '2025-05-01 08:00:00', 'Pagamento de venda 123'),
(3, 1, 30.00, '2025-05-01 09:15:00', 'Venda de pães'),
(4, 2, 50.00, '2025-05-01 14:30:00', 'Abertura de caixa'),
(5, 2, -15.00, '2025-05-01 16:00:00', 'Pagamento de venda 124'),
(6, 2, 60.00, '2025-05-01 17:45:00', 'Venda de bolos'),
(7, 3, 70.00, '2025-05-02 06:00:00', 'Abertura de caixa'),
(8, 3, -25.00, '2025-05-02 09:00:00', 'Pagamento de venda 125'),
(9, 3, 80.00, '2025-05-02 11:30:00', 'Venda de tortas'),
(10, 4, 100.00, '2025-05-02 14:00:00', 'Abertura de caixa'),
(11, 4, -30.00, '2025-05-02 15:45:00', 'Pagamento de venda 126'),
(12, 4, 90.00, '2025-05-02 17:00:00', 'Venda de pães de queijo'),
(13, 5, 60.00, '2025-05-03 06:30:00', 'Abertura de caixa'),
(14, 5, -20.00, '2025-05-03 08:30:00', 'Pagamento de venda 127'),
(15, 5, 110.00, '2025-05-03 10:15:00', 'Venda de doces'),
(16, 6, 55.00, '2025-05-03 14:30:00', 'Abertura de caixa'),
(17, 6, -40.00, '2025-05-03 16:00:00', 'Pagamento de venda 128'),
(18, 6, 85.00, '2025-05-03 17:30:00', 'Venda de salgados'),
(19, 7, 45.00, '2025-05-04 06:00:00', 'Abertura de caixa'),
(20, 7, -50.00, '2025-05-04 09:00:00', 'Pagamento de venda 129'),
(21, 7, 100.00, '2025-05-04 12:30:00', 'Venda de bolos e tortas'),
(22, 8, 80.00, '2025-05-04 13:00:00', 'Abertura de caixa'),
(23, 8, -30.00, '2025-05-04 14:00:00', 'Pagamento de venda 130'),
(24, 8, 75.00, '2025-05-04 15:45:00', 'Venda de pães e pães de queijo'),
(25, 9, 90.00, '2025-05-05 06:30:00', 'Abertura de caixa'),
(26, 9, -20.00, '2025-05-05 09:00:00', 'Pagamento de venda 131'),
(27, 9, 100.00, '2025-05-05 10:30:00', 'Venda de doces e salgados'),
(28, 10, 60.00, '2025-05-05 13:15:00', 'Abertura de caixa'),
(29, 10, -25.00, '2025-05-05 14:45:00', 'Pagamento de venda 132'),
(30, 10, 110.00, '2025-05-05 16:00:00', 'Venda de bolos de aniversário'),
(31, 11, 65.00, '2025-05-06 06:45:00', 'Abertura de caixa'),
(32, 11, -40.00, '2025-05-06 08:00:00', 'Pagamento de venda 133'),
(33, 11, 85.00, '2025-05-06 09:30:00', 'Venda de tortas e doces'),
(34, 12, 55.00, '2025-05-06 14:00:00', 'Abertura de caixa'),
(35, 12, -35.00, '2025-05-06 15:30:00', 'Pagamento de venda 134'),
(36, 12, 95.00, '2025-05-06 17:15:00', 'Venda de pães e bolos'),
(37, 13, 80.00, '2025-05-07 06:15:00', 'Abertura de caixa'),
(38, 13, -25.00, '2025-05-07 08:45:00', 'Pagamento de venda 135'),
(39, 13, 120.00, '2025-05-07 10:00:00', 'Venda de pães e salgados'),
(40, 14, 50.00, '2025-05-07 13:30:00', 'Abertura de caixa'),
(41, 14, -30.00, '2025-05-07 15:00:00', 'Pagamento de venda 136'),
(42, 14, 90.00, '2025-05-07 17:30:00', 'Venda de bolos e doces'),
(43, 15, 75.00, '2025-05-08 06:00:00', 'Abertura de caixa'),
(44, 15, -50.00, '2025-05-08 08:00:00', 'Pagamento de venda 137'),
(45, 15, 85.00, '2025-05-08 09:30:00', 'Venda de salgados e pães'),
(46, 16, 90.00, '2025-05-08 12:15:00', 'Abertura de caixa'),
(47, 16, -25.00, '2025-05-08 13:45:00', 'Pagamento de venda 138'),
(48, 16, 110.00, '2025-05-08 15:00:00', 'Venda de pães e tortas'),
(49, 17, 100.00, '2025-05-09 06:00:00', 'Abertura de caixa'),
(50, 17, -30.00, '2025-05-09 08:30:00', 'Pagamento de venda 139'),
(51, 17, 115.00, '2025-05-09 09:45:00', 'Venda de bolos e doces'),
(52, 18, 85.00, '2025-05-09 13:00:00', 'Abertura de caixa'),
(53, 18, -40.00, '2025-05-09 14:15:00', 'Pagamento de venda 140'),
(54, 18, 95.00, '2025-05-09 16:30:00', 'Venda de salgados e tortas'),
(55, 19, 60.00, '2025-05-10 06:30:00', 'Abertura de caixa'),
(56, 19, -50.00, '2025-05-10 08:00:00', 'Pagamento de venda 141'),
(57, 19, 120.00, '2025-05-10 09:45:00', 'Venda de pães e tortas'),
(58, 20, 70.00, '2025-05-10 12:30:00', 'Abertura de caixa'),
(59, 20, -30.00, '2025-05-10 14:00:00', 'Pagamento de venda 142'),
(60, 20, 80.00, '2025-05-10 16:15:00', 'Venda de bolos e doces');


DESCRIBE itemvenda;
INSERT INTO itemvenda (id_itemvenda, id_produto, id_venda, quantidade, preco_un) VALUES
(1, 1, 2, 1, 15.50),
(2, 2, 1, 1, 8.75),
(3, 3, 3, 1, 5.20),
(4, 4, 1, 1, 22.00),
(5, 4, 2, 1, 12.99),
(6, 4, 1, 1, 7.50),
(7, 6, 4, 1, 6.80),
(8, 6, 2, 1, 18.00),
(9, 8, 1, 1, 9.50),
(10, 8, 3, 1, 11.25),
(11, 10, 2, 1, 4.90),
(12, 10, 1, 1, 25.00),
(13, 12, 3, 1, 14.50),
(14, 12, 2, 1, 9.00),
(15, 14, 1, 1, 7.20),
(16, 14, 4, 1, 20.50),
(17, 16, 2, 1, 11.75),
(18, 16, 1, 1, 6.50),
(19, 18, 3, 1, 5.90),
(20, 18, 2, 1, 19.20),
(21, 20, 1, 1, 10.80),
(22, 20, 4, 1, 8.10),
(23, 22, 2, 1, 7.00),
(24, 22, 1, 1, 23.50),
(25, 24, 3, 1, 13.25),
(26, 24, 2, 1, 9.75),
(27, 26, 1, 1, 6.30),
(28, 26, 4, 1, 17.80),
(29, 28, 2, 1, 12.00),
(30, 28, 1, 1, 7.90),
(31, 30, 3, 1, 5.50),
(32, 30, 2, 1, 21.00),
(33, 32, 1, 1, 11.50),
(34, 32, 4, 1, 8.40),
(35, 34, 2, 1, 6.60),
(36, 34, 1, 1, 24.00),
(37, 36, 3, 1, 13.75),
(38, 36, 2, 1, 10.20),
(39, 38, 1, 1, 7.10),
(40, 38, 4, 1, 19.50),
(41, 40, 2, 1, 12.50),
(42, 40, 1, 1, 8.20),
(43, 42, 3, 1, 5.75),
(44, 42, 2, 1, 22.50),
(45, 44, 1, 1, 11.00),
(46, 44, 4, 1, 9.10),
(47, 46, 2, 1, 6.90),
(48, 46, 1, 1, 20.00),
(49, 48, 3, 1, 14.00),
(50, 48, 2, 1, 9.90),
(51, 50, 1, 1, 7.30),
(52, 50, 4, 1, 18.50),
(53, 52, 2, 1, 11.80),
(54, 52, 1, 1, 7.60),
(55, 54, 3, 1, 6.10),
(56, 54, 2, 1, 19.80),
(57, 56, 1, 1, 10.50),
(58, 56, 4, 1, 8.80),
(59, 58, 2, 1, 7.15),
(60, 58, 1, 1, 23.00);

DESCRIBE movestoque;

INSERT INTO movestoque (id_movestoque, id_produto, id_funcionario, observacao, data_hora, quantidade) VALUES
(1, 1, 1, 'Entrada de pães', '2025-05-01 06:30:00', 100),
(2, 2, 1, 'Entrada de bolos', '2025-05-01 07:00:00', 50),
(3, 3, 2, 'Entrada de tortas', '2025-05-01 08:15:00', 30),
(4, 4, 2, 'Entrada de pães de queijo', '2025-05-01 09:00:00', 75),
(5, 5, 3, 'Entrada de salgados', '2025-05-01 10:00:00', 150),
(6, 6, 3, 'Entrada de doces', '2025-05-01 11:30:00', 60),
(7, 7, 4, 'Saída de pães', '2025-05-01 13:00:00', -20),
(8, 8, 4, 'Saída de bolos', '2025-05-01 14:00:00', -10),
(9, 9, 5, 'Saída de tortas', '2025-05-01 15:30:00', -5),
(10, 10, 5, 'Saída de pães de queijo', '2025-05-01 16:00:00', -25),
(11, 1, 6, 'Saída de salgados', '2025-05-01 17:15:00', -60),
(12, 2, 6, 'Saída de doces', '2025-05-01 18:00:00', -30),
(13, 3, 7, 'Entrada de tortas', '2025-05-02 06:45:00', 40),
(14, 4, 7, 'Entrada de pães de queijo', '2025-05-02 08:00:00', 50),
(15, 5, 8, 'Entrada de salgados', '2025-05-02 09:15:00', 120),
(16, 6, 8, 'Entrada de doces', '2025-05-02 10:30:00', 80),
(17, 7, 9, 'Saída de pães', '2025-05-02 11:00:00', -30),
(18, 8, 9, 'Saída de bolos', '2025-05-02 12:15:00', -20),
(19, 9, 10, 'Saída de tortas', '2025-05-02 13:00:00', -10),
(20, 10, 10, 'Saída de pães de queijo', '2025-05-02 14:30:00', -30),
(21, 1, 11, 'Saída de salgados', '2025-05-02 15:45:00', -50),
(22, 2, 11, 'Saída de doces', '2025-05-02 16:30:00', -25),
(23, 3, 12, 'Entrada de tortas', '2025-05-03 06:00:00', 30),
(24, 4, 12, 'Entrada de pães de queijo', '2025-05-03 07:15:00', 60),
(25, 5, 13, 'Entrada de salgados', '2025-05-03 08:45:00', 150),
(26, 6, 13, 'Entrada de doces', '2025-05-03 09:30:00', 70),
(27, 7, 14, 'Saída de pães', '2025-05-03 10:00:00', -20),
(28, 8, 14, 'Saída de bolos', '2025-05-03 11:15:00', -10),
(29, 9, 15, 'Saída de tortas', '2025-05-03 12:30:00', -15),
(30, 10, 15, 'Saída de pães de queijo', '2025-05-03 13:30:00', -25),
(31, 1, 16, 'Saída de salgados', '2025-05-03 14:00:00', -55),
(32, 2, 16, 'Saída de doces', '2025-05-03 15:00:00', -20),
(33, 3, 17, 'Entrada de tortas', '2025-05-04 06:30:00', 45),
(34, 4, 17, 'Entrada de pães de queijo', '2025-05-04 08:00:00', 65),
(35, 5, 18, 'Entrada de salgados', '2025-05-04 09:30:00', 140),
(36, 6, 18, 'Entrada de doces', '2025-05-04 10:45:00', 75),
(37, 7, 19, 'Saída de pães', '2025-05-04 11:15:00', -25),
(38, 8, 19, 'Saída de bolos', '2025-05-04 12:30:00', -15),
(39, 9, 20, 'Saída de tortas', '2025-05-04 14:00:00', -10),
(40, 10, 20, 'Saída de pães de queijo', '2025-05-04 15:15:00', -30),
(41, 1, 21, 'Saída de salgados', '2025-05-04 16:30:00', -50),
(42, 2, 21, 'Saída de doces', '2025-05-04 17:00:00', -30),
(43, 3, 22, 'Entrada de tortas', '2025-05-05 06:00:00', 25),
(44, 4, 22, 'Entrada de pães de queijo', '2025-05-05 07:30:00', 55),
(45, 5, 23, 'Entrada de salgados', '2025-05-05 09:00:00', 130),
(46, 6, 23, 'Entrada de doces', '2025-05-05 10:00:00', 80),
(47, 7, 24, 'Saída de pães', '2025-05-05 11:15:00', -20),
(48, 8, 24, 'Saída de bolos', '2025-05-05 12:00:00', -15),
(49, 9, 25, 'Saída de tortas', '2025-05-05 13:30:00', -10),
(50, 10, 25, 'Saída de pães de queijo', '2025-05-05 14:30:00', -25),
(51, 1, 26, 'Saída de salgados', '2025-05-05 16:00:00', -45),
(52, 2, 26, 'Saída de doces', '2025-05-05 17:30:00', -30),
(53, 3, 27, 'Entrada de tortas', '2025-05-06 06:30:00', 35),
(54, 4, 27, 'Entrada de pães de queijo', '2025-05-06 07:15:00', 60),
(55, 5, 28, 'Entrada de salgados', '2025-05-06 08:30:00', 140),
(56, 6, 28, 'Entrada de doces', '2025-05-06 09:00:00', 85),
(57, 7, 29, 'Saída de pães', '2025-05-06 10:00:00', -25),
(58, 8, 29, 'Saída de bolos', '2025-05-06 11:30:00', -10),
(59, 9, 30, 'Saída de tortas', '2025-05-06 13:00:00', -15),
(60, 10, 30, 'Saída de pães de queijo', '2025-05-06 14:30:00', -35);

INSERT INTO itemcomanda (id_itemcomanda, id_produto, id_comanda, quantidade, preco_un) VALUES
(1, 1, 1, 2, 15.50),
(2, 2, 1, 1, 8.75),
(3, 3, 2, 3, 5.20),
(4, 4, 2, 1, 22.00),
(5, 5, 4, 2, 12.99),
(6, 6, 4, 1, 7.50),
(7, 7, 6, 4, 6.80),
(8, 8, 6, 2, 18.00),
(9, 9, 8, 1, 9.50),
(10, 10, 8, 3, 11.25),
(11, 11, 10, 2, 4.90),
(12, 12, 10, 1, 25.00),
(13, 13, 12, 3, 14.50),
(14, 14, 12, 2, 9.00),
(15, 15, 14, 1, 7.20),
(16, 16, 14, 4, 20.50),
(17, 17, 16, 2, 11.75),
(18, 18, 16, 1, 6.50),
(19, 19, 18, 3, 5.90),
(20, 20, 18, 2, 19.20),
(21, 21, 20, 1, 10.80),
(22, 22, 20, 4, 8.10),
(23, 23, 22, 2, 7.00),
(24, 24, 22, 1, 23.50),
(25, 25, 24, 3, 13.25),
(26, 26, 24, 2, 9.75),
(27, 27, 26, 1, 6.30),
(28, 28, 26, 4, 17.80),
(29, 29, 28, 2, 12.00),
(30, 30, 28, 1, 7.90),
(31, 31, 30, 3, 5.50),
(32, 32, 30, 2, 21.00),
(33, 33, 32, 1, 11.50),
(34, 34, 32, 4, 8.40),
(35, 35, 34, 2, 6.60),
(36, 36, 34, 1, 24.00),
(37, 37, 36, 3, 13.75),
(38, 38, 36, 2, 10.20),
(39, 39, 38, 1, 7.10),
(40, 40, 38, 4, 19.50),
(41, 41, 40, 2, 12.50),
(42, 42, 40, 1, 8.20),
(43, 43, 42, 3, 5.75),
(44, 44, 42, 2, 22.50),
(45, 45, 44, 1, 11.00),
(46, 46, 44, 4, 9.10),
(47, 47, 46, 2, 6.90),
(48, 48, 46, 1, 20.00),
(49, 49, 48, 3, 14.00),
(50, 50, 48, 2, 9.90),
(51, 51, 50, 1, 7.30),
(52, 52, 50, 4, 18.50),
(53, 53, 52, 2, 11.80),
(54, 54, 52, 1, 7.60),
(55, 55, 54, 3, 6.10),
(56, 56, 54, 2, 19.80),
(57, 57, 56, 1, 10.50),
(58, 58, 56, 4, 8.80),
(59, 59, 58, 2, 7.15),
(60, 60, 58, 1, 23.00),
(61, 1, 60, 3, 13.50),
(62, 2, 60, 2, 9.50);

DESCRIBE funcionario;

INSERT INTO `funcionario` (`id_funcionario`, `id_funcao`, `id_usuario`, `nome`, `cpf`, `telefone`, `email`, `rua`, `numero`, `bairro`, `cidade`, `uf`, `data_admissao`, `salario`, `rg`) VALUES
(1, 1, 1, 'Ana Silva', '123.456.789-01', '(47) 9999-8888', 'ana.silva@gmail.com', 'Rua das Flores', 123, 'Primavera', 'Joinville', 'SC', '2024-01-15', 2500.00, '12.345.678-9'),
(2, 2, 2, 'Bruno Costa', '987.654.321-02', '(47) 8888-7777', 'bruno.costa@gmail.com', 'Avenida Beira Mar', 456, 'Centro', 'Florianópolis', 'SC', '2023-05-20', 3200.50, '98.765.432-1'),
(3, 3, 3, 'Carlos Lima', '111.222.333-03', '(47) 7777-6666', 'carlos.lima@gmail.com', 'Rua XV de Novembro', 789, 'América', 'Blumenau', 'SC', '2022-11-10', 2800.75, '11.222.333-4'),
(4, 1, 4, 'Daniela Rocha', '444.555.666-04', '(47) 6666-5555', 'daniela.rocha@gmail.com', 'Rua Getúlio Vargas', 101, 'Jardim', 'Joinville', 'SC', '2024-03-01', 2650.00, '44.555.666-7'),
(5, 4, 5, 'Eduardo Alves', '777.888.999-05', '(47) 5555-4444', 'eduardo.alves@gmail.com', 'Rua São Paulo', 222, 'Itoupava Norte', 'Blumenau', 'SC', '2023-08-05', 3500.20, '77.888.999-1'),
(6, 2, 6, 'Fernanda Souza', '222.333.444-06', '(47) 4444-3333', 'fernanda.souza@gmail.com', 'Avenida Brasil', 333, 'Centro', 'Balneário Camboriú', 'SC', '2022-09-15', 3100.90, '22.333.444-5'),
(7, 3, 7, 'Gabriel Martins', '555.666.777-07', '(47) 3333-2222', 'gabriel.martins@gmail.com', 'Rua Duque de Caxias', 444, 'Atiradores', 'Joinville', 'SC', '2024-05-01', 2950.50, '55.666.777-8'),
(8, 1, 8, 'Helena Dias', '888.999.000-08', '(47) 2222-1111', 'helena.dias@gmail.com', 'Rua Amazonas', 555, 'Garcia', 'Blumenau', 'SC', '2023-02-10', 2700.00, '88.999.000-2'),
(9, 4, 9, 'Igor Mendes', '333.444.555-09', '(47) 1111-0000', 'igor.mendes@gmail.com', 'Avenida Atlântica', 666, 'Centro', 'Balneário Camboriú', 'SC', '2022-12-01', 3600.80, '33.444.555-6'),
(10, 2, 10, 'Joana Pires', '666.777.888-10', '(47) 0000-9999', 'joana.pires@gmail.com', 'Rua Visconde de Taunay', 777, 'Boa Vista', 'Joinville', 'SC', '2024-04-01', 3050.25, '66.777.888-9'),
(11, 3, 11, 'Kleber Ramos', '999.000.111-11', '(47) 9876-5432', 'kleber.ramos@gmail.com', 'Rua Hermann Hering', 888, 'Bom Retiro', 'Blumenau', 'SC', '2023-07-15', 2900.60, '99.000.111-3'),
(12, 1, 12, 'Larissa Cunha', '000.111.222-12', '(47) 8765-4321', 'larissa.cunha@gmail.com', 'Avenida do Estado', 999, 'Pioneiros', 'Balneário Camboriú', 'SC', '2022-10-20', 2750.10, '00.111.222-7'),
(13, 4, 13, 'Marcelo Torres', '111.222.333-13', '(47) 7654-3210', 'marcelo.torres@gmail.com', 'Rua Benjamin Constant', 1000, 'Escola Agrícola', 'Blumenau', 'SC', '2024-02-01', 3700.40, '11.222.333-8'),
(14, 2, 14, 'Natália Braga', '222.333.444-14', '(47) 6543-2109', 'natalia.braga@gmail.com', 'Rua Itajaí', 1111, 'Centro', 'Itajaí', 'SC', '2023-09-01', 3150.70, '22.333.444-9'),
(15, 3, 15, 'Otávio Duarte', '333.444.555-15', '(47) 5432-1098', 'otavio.duarte@gmail.com', 'Rua Brusque', 1212, 'Vila Nova', 'Blumenau', 'SC', '2022-11-25', 3000.00, '33.444.555-2'),
(16, 1, 16, 'Paula Fernandes', '444.555.666-16', '(47) 4321-0987', 'paula.fernandes@gmail.com', 'Avenida Osvaldo Reis', 1313, 'Fazenda', 'Itajaí', 'SC', '2024-03-15', 2600.30, '44.555.666-3'),
(17, 4, 17, 'Quésia Lopes', '555.666.777-17', '(47) 3210-9876', 'quesia.lopes@gmail.com', 'Rua Lauro Müller', 1414, 'Centro', 'Rio do Sul', 'SC', '2023-06-10', 3550.60, '55.666.777-4'),
(18, 2, 18, 'Rafael Vieira', '666.777.888-18', '(47) 2109-8765', 'rafael.vieira@gmail.com', 'Rua Marechal Deodoro', 1515, 'Centro', 'Tubarão', 'SC', '2022-12-15', 3250.95, '66.777.888-5'),
(19, 3, 19, 'Simone Teixeira', '777.888.999-19', '(47) 1098-7654', 'simone.teixeira@gmail.com', 'Rua XV de Novembro', 1616, 'Centro', 'Mafra', 'SC', '2024-01-20', 2850.45, '77.888.999-6'),
(20, 1, 20, 'Tiago Freitas', '888.999.000-20', '(47) 0987-6543', 'tiago.freitas@gmail.com', 'Avenida Getúlio Vargas', 1717, 'Centro', 'Canoinhas', 'SC', '2023-04-25', 2720.00, '88.999.000-7'),
(21, 4, 21, 'Ursula Matos', '999.000.111-21', '(47) 9765-4321', 'ursula.matos@gmail.com', 'Rua Felipe Schmidt', 1818, 'Centro', 'São Bento do Sul', 'SC', '2022-10-05', 3650.75, '99.000.111-8'),
(22, 2, 22, 'Vinícius Andrade', '000.111.222-22', '(47) 8654-3210', 'vinicius.andrade@gmail.com', 'Rua Presidente Kennedy', 1919, 'Campinas', 'São José', 'SC', '2024-05-05', 3180.55, '00.111.222-9'),
(23, 3, 23, 'Wesley Rocha', '111.222.333-23', '(47) 7543-2109', 'wesley.rocha@gmail.com', 'Rua Santos Dumont', 2020, 'Universitário', 'Criciúma', 'SC', '2023-07-20', 2920.30, '11.222.333-0'),
(24, 1, 24, 'Xuxa de Souza', '222.333.444-24', '(47) 6432-1098', 'xuxa.souza@gmail.com', 'Avenida Centenário', 2121, 'Pinheirinho', 'Criciúma', 'SC', '2022-09-30', 2680.90, '22.333.444-1'),
(25, 4, 25, 'Yasmin Prado', '333.444.555-25', '(47) 5321-0987', 'yasmin.prado@gmail.com', 'Rua Coronel Freitas', 2222, 'Centro', 'Chapecó', 'SC', '2024-04-10', 3750.00, '33.444.555-2'),
(26, 2, 26, 'Zeca Amaral', '444.555.666-26', '(47) 4210-9876', 'zeca.amaral@gmail.com', 'Rua Getúlio Vargas', 2323, 'Líder', 'Chapecó', 'SC', '2023-08-15', 3220.65, '44.555.666-3'),
(27, 3, 27, 'Alice Ribeiro', '555.666.777-27', '(47) 3109-8765', 'alice.ribeiro@gmail.com', 'Avenida Fernando Machado', 2424, 'Centro', 'Concórdia', 'SC', '2022-11-05', 2980.20, '55.666.777-4'),
(28, 1, 28, 'Bernardo Gomes', '666.777.888-28', '(47) 2098-7654', 'bernardo.gomes@gmail.com', 'Rua Marechal Deodoro', 2525, 'Centro', 'Lages', 'SC', '2024-02-20', 2780.50, '66.777.888-5'),
(29, 4, 29, 'Caio Monteiro', '777.888.999-29', '(47) 1987-6543', 'caio.monteiro@gmail.com', 'Avenida Dom Pedro II', 2626, 'Sagrado Coração de Jesus', 'Lages', 'SC', '2023-05-25', 3680.85, '77.888.999-6'),
(30, 2, 30, 'Débora Rezende', '888.999.000-30', '(47) 0876-5432', 'debora.rezende@gmail.com', 'Rua Nereu Ramos', 2727, 'Centro', 'Rio do Sul', 'SC', '2022-12-30', 3120.15, '88.999.000-7'),
(31, 3, 31, 'Eduarda Melo', '999.000.111-31', '(47) 9654-3210', 'eduarda.melo@gmail.com', 'Avenida Salgado Filho', 2828, 'Universitário', 'Caçador', 'SC', '2024-03-25', 3020.40, '99.000.111-8'),
(32, 1, 32, 'Felipe Nogueira', '000.111.222-32', '(47) 8543-2109', 'felipe.nogueira@gmail.com', 'Rua Brasil', 2929, 'Centro', 'Curitibanos', 'SC', '2023-06-20', 2630.70, '00.111.222-9'),
(33, 4, 33, 'Giovanna Cardoso', '111.222.333-33', '(47) 7432-1098', 'giovanna.cardoso@gmail.com', 'Avenida XV de Novembro', 3030, 'Centro', 'Videira', 'SC', '2022-10-15', 3580.00, '11.222.333-0'),
(34, 2, 34, 'Henrique Barros', '222.333.444-34', '(47) 6321-0987', 'henrique.barros@gmail.com', 'Rua São João', 3131, 'Centro', 'Ituporanga', 'SC', '2024-01-10', 3280.35, '22.333.444-1'),
(35, 3, 35, 'Isabela Neves', '333.444.555-35', '(47) 5210-9876', 'isabela.neves@gmail.com', 'Rua Florianópolis', 3232, 'Centro', 'Brusque', 'SC', '2023-09-05', 2960.95, '33.444.555-2'),
(36, 1, 36, 'Jonas Batista', '444.555.666-36', '(47) 4109-8765', 'jonas.batista@gmail.com', 'Avenida Otto Renaux', 3333, 'Centro', 'Brusque', 'SC', '2022-11-30', 2730.25, '44.555.666-3'),
(37, 4, 37, 'Karen Lopes', '555.666.777-37', '(47) 3098-7654', 'karen.lopes@gmail.com', 'Rua Pomerânia', 3434, 'Bateas', 'Brusque', 'SC', '2024-05-10', 3620.50, '55.666.777-4'),
(38, 2, 38, 'Lucas Moraes', '666.777.888-38', '(47) 2987-6543', 'lucas.moraes@gmail.com', 'Avenida Getúlio Vargas', 3535, 'Centro', 'Gaspar', 'SC', '2023-02-15', 3210.80, '66.777.888-5'),
(39, 3, 39, 'Mariana Castro', '777.888.999-39', '(47) 1876-5432', 'mariana.castro@gmail.com', 'Rua São Pedro', 3636, 'Centro', 'Gaspar', 'SC', '2022-12-20', 2880.10, '77.888.999-6'),
(40, 1, 40, 'Nicolas Ferreira', '888.999.000-40', '(47) 0765-4321', 'nicolas.ferreira@gmail.com', 'Avenida das Comunidades', 3737, 'Centro', 'Indaial', 'SC', '2024-04-15', 2760.45, '88.999.000-7'),
(41, 4, 41, 'Olívia Rocha', '999.000.111-41', '(47) 9543-2109', 'olivia.rocha@gmail.com', 'Rua 15 de Novembro', 3838, 'Centro', 'Indaial', 'SC', '2023-07-25', 3720.75, '99.000.111-8'),
(42, 2, 42, 'Pedro Albuquerque', '000.111.222-42', '(47) 8432-1098', 'pedro.albuquerque@gmail.com', 'Avenida Brasil', 3939, 'Centro', 'Timbó', 'SC', '2022-10-25', 3190.00, '00.111.222-9'),
(43, 3, 43, 'Quintino da Silva', '111.222.333-43', '(47) 7321-0987', 'quintino.silva@gmail.com', 'Rua Germano Brandes', 4040, 'Centro', 'Timbó', 'SC', '2024-02-25', 2940.30, '11.222.333-0'),
(44, 1, 44, 'Renata Lima', '222.333.444-44', '(47) 6210-9876', 'renata.lima@gmail.com', 'Avenida Sete de Setembro', 4141, 'Centro', 'Pomerode', 'SC', '2023-09-10', 2690.60, '22.333.444-1'),
(45, 4, 45, 'Samuel Martins', '333.444.555-45', '(47) 5109-8765', 'samuel.martins@gmail.com', 'Rua XV de Novembro', 4242, 'Centro', 'Pomerode', 'SC', '2022-11-15', 3670.90, '33.444.555-2'),
(46, 2, 46, 'Talita Fernandes', '444.555.666-46', '(47) 4098-7654', 'talita.fernandes@gmail.com', 'Avenida dos Imigrantes', 4343, 'Centro', 'Rio Negrinho', 'SC', '2024-03-05', 3230.20, '44.555.666-3'),
(47, 3, 47, 'Ubirajara Nunes', '555.666.777-47', '(47) 3987-6543', 'ubirajara.nunes@gmail.com', 'Rua Richard Baartz', 4444, 'Centro', 'Rio Negrinho', 'SC', '2023-06-25', 3010.55, '55.666.777-4'),
(48, 1, 48, 'Vitória Meireles', '666.777.888-48', '(47) 2876-5432', 'vitoria.meireles@gmail.com', 'Avenida Paraná', 4545, 'Centro', 'São Francisco do Sul', 'SC', '2022-12-25', 2710.85, '66.777.888-5'),
(49, 4, 49, 'Washington Faria', '777.888.999-49', '(47) 1765-4321', 'washington.faria@gmail.com', 'Rua Babitonga', 4646, 'Centro', 'São Francisco do Sul', 'SC', '2024-05-15', 3780.10, '77.888.999-6'),
(50, 2, 50, 'Ximena Oliveira', '888.999.000-50', '(47) 0654-3210', 'ximena.oliveira@gmail.com', 'Avenida Santa Catarina', 4747, 'Centro', 'Porto União', 'SC', '2023-01-20', 3160.40, '88.999.000-7'),
(51, 3, 51, 'Yuri Guimarães', '999.000.111-51', '(47) 9432-1098', 'yuri.guimaraes@gmail.com', 'Rua Coronel Amazonas', 4848, 'Centro', 'Porto União', 'SC', '2022-11-20', 2990.70, '99.000.111-8'),
(52, 1, 52, 'Zuleica Borges', '000.111.222-52', '(47) 8321-0987', 'zuleica.borges@gmail.com', 'Avenida Beira Rio', 4949, 'Centro', 'Mafra', 'SC', '2024-04-20', 2660.00, '00.111.222-9'),
(53, 4, 53, 'Adriano Paiva', '111.222.333-53', '(47) 7210-9876', 'adriano.paiva@gmail.com', 'Rua Major Vieira', 5050, 'Centro', 'Mafra', 'SC', '2023-08-01', 3710.35, '11.222.333-0'),
(54, 2, 54, 'Bianca Assunção', '222.333.444-54', '(47) 6109-8765', 'bianca.assuncao@gmail.com', 'Avenida dos Trabalhadores', 5151, 'Centro', 'Canoinhas', 'SC', '2022-10-30', 3260.65, '22.333.444-1'),
(55, 3, 55, 'Cícero Ramos', '333.444.555-55', '(47) 5098-7654', 'cicero.ramos@gmail.com', 'Rua Frei Menandro Kamps', 5252, 'Centro', 'Canoinhas', 'SC', '2024-01-25', 2890.95, '33.444.555-2'),
(56, 1, 56, 'Daniel Mota', '444.555.666-56', '(47) 4987-6543', 'daniel.mota@gmail.com', 'Avenida Expedicionários', 5353, 'Centro', 'São Bento do Sul', 'SC', '2023-05-01', 2740.20, '44.555.666-3'),
(57, 4, 57, 'Eliane Queiroz', '555.666.777-57', '(47) 3876-5432', 'eliane.queiroz@gmail.com', 'Rua Jorge Lacerda', 5454, 'Centro', 'São Bento do Sul', 'SC', '2022-12-05', 3690.50, '55.666.777-4'),
(58, 2, 58, 'Fabrício Peixoto', '666.777.888-58', '(47) 2765-4321', 'fabricio.peixoto@gmail.com', 'Avenida Getúlio Vargas', 5555, 'Centro', 'Rio do Campo', 'SC', '2024-03-20', 3170.80, '66.777.888-5'),
(59, 3, 59, 'Gustavo Tavares', '777.888.999-59', '(47) 1654-3210', 'gustavo.tavares@gmail.com', 'Rua Sete de Setembro', 5656, 'Centro', 'Rio do Campo', 'SC', '2023-07-01', 2930.15, '77.888.999-6'),
(60, 1, 60, 'Heloísa Duarte', '888.999.000-60', '(47) 0543-2109', 'heloisa.duarte@gmail.com', 'Avenida XV de Novembro', 5757, 'Centro', 'Taió', 'SC', '2022-10-10', 2770.45, '88.999.000-7');
